arch,order,bits,dither,fs,sndr,sndr_ideal,sndr_settle,top_hz,top_dbc,floor,stable
L2/sdm3,2,4,none,512000.0,110.24224953927124,164.25249008163777,110.24226678815992,35.2,-122.31241742243984,inf,True
L2/lowgain,2,4,none,512000.0,104.46723460242892,164.25249008163777,104.46723916551846,96.0,-118.5466761341456,inf,True
L2/lowgain,2,4,none,256000.0,104.18811616785484,169.44433032479665,104.1881174625364,64.0,-117.65068563719129,inf,True
L2/lowgain,2,4,in_sine,512000.0,101.05092862574313,178.90686936796595,101.05092869689564,76.80000000000001,-115.33391058193585,inf,True
L2/sdm3,2,4,in_sine,256000.0,100.113127719532,90.89459313798855,300.0,64.0,-113.61075012311429,inf,True
L2/sdm3,2,4,in_sine,512000.0,99.12042492667715,178.90686936796595,99.12042497229552,64.0,-112.673513683261,inf,True
L2/sdm3,2,4,none,256000.0,95.02094347588834,169.44433032479665,95.02094363272428,83.2,-108.86549571826473,inf,True
L2/lowgain,2,4,in_sine,256000.0,92.42047272008972,90.89459313798855,300.0,3.2,-106.90208254138628,inf,True
L2/lowgain,2,2,none,256000.0,87.81175376906171,132.81354645583988,87.81189105052721,64.0,-88.26698521480857,inf,True
L2/lowgain,2,2,in_sine,512000.0,87.66969906049485,144.85960615814798,87.66970735506753,64.0,-88.25168285375187,inf,True
L2/lowgain,2,2,none,512000.0,87.30839001705844,145.07386418264292,87.30839728208586,64.0,-88.10983708708493,inf,True
L2/lowgain,2,2,in_sine,256000.0,87.12978093427867,132.0205667865206,87.12992176998229,64.0,-87.75985069421132,inf,True
L2/sdm3,2,2,none,512000.0,82.34043559622125,145.07386418264292,82.34043791063804,64.0,-82.60912014558913,inf,True
L2/sdm3,2,2,in_sine,256000.0,81.90078317420488,132.0205667865206,81.90082542239048,64.0,-82.30349831234035,inf,True
L2/sdm3,2,2,in_sine,512000.0,81.32675886394463,144.85960615814798,81.32676078925024,64.0,-82.08295369369276,inf,True
L2/sdm3,2,2,none,256000.0,80.4113598757026,132.81354645583988,80.4113848542341,64.0,-83.1976442411014,inf,True
L2/lowgain,2,1,none,512000.0,76.38475009035285,137.26335762054813,76.38475363786372,64.0,-76.78280898237071,inf,True
L2/lowgain,2,1,in_sine,512000.0,76.24087608605505,133.90166190916148,76.2408835283367,64.0,-76.8579994914066,inf,True
L2/lowgain,2,1,in_sine,256000.0,72.38163983286009,123.74077460942344,72.38167159226978,64.0,-75.30519901810037,inf,True
L2/lowgain,2,1,none,256000.0,70.55812077385167,123.45099096076025,70.55814308379196,64.0,-78.11339534381793,inf,True
L2/sdm3,2,1,none,256000.0,70.36452900345512,123.45099096076025,70.36455034074132,64.0,-70.76253757017282,inf,True
L2/sdm3,2,1,none,512000.0,70.36376445117612,137.26335762054813,70.36376533797481,64.0,-70.76175430956523,inf,True
L2/sdm3,2,1,in_sine,256000.0,70.22154872643837,123.74077460942344,70.22156804001418,64.0,-70.83978949059164,inf,True
L2/sdm3,2,1,in_sine,512000.0,70.22052159188536,133.90166190916148,70.22052345255972,64.0,-70.83774598365056,inf,True
L2/sdm3,2,1,in_pn,512000.0,52.1114819109279,51.93635896811788,300.0,38.400000000000006,-59.979757209626285,inf,True
L2/lowgain,2,1,in_pn,512000.0,52.03676255735946,51.93635896811788,300.0,38.400000000000006,-60.003222430223815,inf,True
L2/sdm3,2,2,in_pn,512000.0,51.97970788558532,51.913186462088476,300.0,38.400000000000006,-59.98324411702539,inf,True
L2/lowgain,2,2,in_pn,512000.0,51.94353164652198,51.913186462088476,300.0,38.400000000000006,-59.96146337710769,inf,True
L2/sdm3,2,4,in_pn,512000.0,51.914253270842735,51.9131703024481,300.0,38.400000000000006,-59.964866270519934,inf,True
L2/lowgain,2,4,in_pn,512000.0,51.90714659913871,51.9131703024481,80.48936548525717,38.400000000000006,-59.94278866332094,inf,True
L2/lowgain,2,2,in_pn,256000.0,49.42394726264527,49.41218326636563,300.0,99.2,-57.41885571527067,inf,True
L2/sdm3,2,2,in_pn,256000.0,49.422591648968606,49.41218326636563,300.0,99.2,-57.383871688532395,inf,True
L2/lowgain,2,4,in_pn,256000.0,49.41721017895765,49.418037751740556,86.6174050796357,99.2,-57.4048054431933,inf,True
L2/sdm3,2,1,in_pn,256000.0,49.41679551395107,49.41215386016272,300.0,99.2,-57.31253804638828,inf,True
L2/sdm3,2,4,in_pn,256000.0,49.413021150081505,49.418037751740556,78.78927614803929,99.2,-57.37287844897624,inf,True
L2/lowgain,2,1,in_pn,256000.0,49.37412470035839,49.41215386016272,69.96980121361366,99.2,-57.16643800132657,inf,True
L2/lowgain,2,4,q_sub,512000.0,37.90346402542743,37.915429645701316,63.50793640999842,38.400000000000006,-45.95031069516122,inf,True
L2/lowgain,2,2,q_sub,512000.0,37.90295933961903,37.91541751672834,63.332485045644475,38.400000000000006,-45.95547159753747,inf,True
L2/sdm3,2,4,q_sub,512000.0,37.89320477631381,37.915429645701316,60.81376341144592,38.400000000000006,-45.95269474461533,inf,True
L2/sdm3,2,2,q_sub,512000.0,37.89306206472675,37.91541751672834,60.78824355663487,38.400000000000006,-45.968407015697494,inf,True
L2/lowgain,2,1,q_sub,512000.0,37.878203329962105,37.92045727686513,58.0184834647978,38.400000000000006,-45.91914225347408,inf,True
L2/sdm3,2,1,q_sub,512000.0,37.85593616241553,37.92045727686513,56.168981290795976,38.400000000000006,-45.930989223818834,inf,True
L2/lowgain,2,1,q_sub,256000.0,35.422043944899485,35.42304839935264,71.78108679038063,99.2,-43.437803934976074,inf,True
L2/lowgain,2,4,q_sub,256000.0,35.4217993241774,35.42298492915742,71.06083507766436,99.2,-43.402921960578894,inf,True
L2/lowgain,2,2,q_sub,256000.0,35.41982066037785,35.42068456664938,72.43342945158263,99.2,-43.38891216360422,inf,True
L2/sdm3,2,4,q_sub,256000.0,35.41886976027105,35.42298492915742,65.65489366182203,99.2,-43.4002792270918,inf,True
L2/sdm3,2,2,q_sub,256000.0,35.41509587136262,35.42068456664938,64.32262872074675,99.2,-43.383314061317904,inf,True
L2/sdm3,2,1,q_sub,256000.0,35.4135899122191,35.42304839935264,62.03794463641363,99.2,-43.41006888316252,inf,True
L3/bw3,3,1,q_sub,256000.0,-15.19973775565498,-23.831150072708695,300.0,3.2,6.896696947179316,inf,True
L3/bw3,3,1,none,256000.0,-15.220582199944403,-23.84834878279195,300.0,3.2,6.893092938565881,inf,True
L3/bw3,3,1,in_pn,256000.0,-15.459615046334479,-22.7271744944332,300.0,3.2,7.20775942643357,inf,True
L3/bw3,3,1,in_sine,256000.0,-17.165844757957615,-24.082961674890697,300.0,3.2,9.318666973892155,inf,True
L3/bw3,3,2,in_pn,512000.0,-18.822417088562617,-16.471531605861564,-15.03434047918933,3.2,14.49866182021591,inf,True
L3/bw3,3,2,none,512000.0,-19.091948451589467,-17.306193736369487,-14.369997876220161,3.2,14.813799911981391,inf,True
L3/bw3,3,2,q_sub,512000.0,-19.098859818791777,-17.23638744686242,-14.523908116028144,3.2,14.8158436815409,inf,True
L3/bw3,3,4,q_sub,256000.0,-19.301563864315327,-18.11527935586579,-13.085960207086968,3.2,11.759932001108528,inf,True
L3/bw3,3,4,none,256000.0,-19.389146693217594,-18.118994128988348,-13.430253222955047,3.2,11.870560850177526,inf,True
L3/bw3,3,4,in_pn,256000.0,-19.702382326036492,-23.433761935902957,300.0,3.2,12.220432054076815,inf,True
L3/bw3,3,4,q_sub,512000.0,-21.36197083801164,-17.008064986828337,-19.37633634540561,3.2,20.07288979870275,inf,True
L3/bw3,3,4,none,512000.0,-21.40543969490846,-17.030285256122152,-19.43207471503369,3.2,20.113292711530626,inf,True
L3/bw3,3,4,in_sine,512000.0,-21.975170504481657,-17.213432203380034,-20.209513028971248,3.2,20.694706659442588,inf,True
L3/bw3,3,4,in_pn,512000.0,-23.53447272684322,-18.367338783416795,-21.95875988536518,3.2,22.292508888358146,inf,True
L3/bw3,3,2,in_pn,256000.0,-23.76271347439847,-22.114479471880117,-18.756974906504553,3.2,19.892360277729058,inf,True
L3/bw3,3,4,in_sine,256000.0,-24.39762112498371,-15.948516709078886,-23.72784048583854,3.2,18.458628489294757,inf,True
L3/bw3,3,2,q_sub,256000.0,-24.63581806448392,-22.195637336657427,-20.969082892794198,3.2,20.78536396793662,inf,True
L3/bw3,3,2,none,256000.0,-24.788984600201267,-22.319516245640102,-21.160792603159027,3.2,20.940392901448153,inf,True
L3/bw3,3,2,in_sine,256000.0,-25.754551536968208,-21.231549297099814,-23.864003100116516,3.2,21.944690202261427,inf,True
L3/bw3,3,1,in_sine,512000.0,-27.211124065193783,-24.332709172436747,-24.064808233694134,3.2,26.18272711451533,inf,True
L3/bw3,3,1,q_sub,512000.0,-31.80067646572031,-23.5813050164538,-31.091377125447366,3.2,30.648249124416935,inf,True
L3/bw3,3,1,none,512000.0,-31.965433217089295,-23.672317333973794,-31.26908752767182,3.2,30.80940501400169,inf,True
L3/bw3,3,1,in_pn,512000.0,-36.988143928372665,-23.851415610757506,-36.77193323705275,3.2,35.851265837636205,inf,True
L3/bw3,3,2,in_sine,512000.0,-41.58030526445253,-22.279258311773653,-41.52899044197287,3.2,38.032644162667715,inf,True
